guid	speaker_name	orig_cs	fem_cs	changed
7e3fd30b-9eed-4980-8fd9-1af519d90b99	Areelu	"""A co já, pisatel těchto slov, polodémonka čarodějka známá jako Architektka Worldwoundu?"""	"""A co já, pisatel těchto slov, polodémonka čarodějka známá jako Architektka Worldwoundu?"""	no
7b429f6b-3e17-4f01-a718-4aca9649ad42	Areelu	"""Získala jsem více, než jsem doufala. Dosáhla jsem svého cíle, přemohla jsem smrt — nevyřčená moc a věčnost leží přede mnou. Jak strávím tu věčnost? Ještě jsem se nerozhodla. Ale vím — z vlastní zkušenosti vím — že každý okamžik má cenu, když je stráven s tím, kdo je pro tebe nejdůležitější."""	"""Získala jsem více, než jsem doufala. Dosáhla jsem svého cíle, přemohla jsem smrt — nevyřčená moc a věčnost leží přede mnou. Jak strávím tu věčnost? Ještě jsem se nerozhodla. Ale vím — z vlastní zkušenosti vím — že každý okamžik má cenu, když je stráven s tím, kdo je pro tebe nejdůležitější."""	no
590bcea2-9527-4ed1-a941-d1061e3097a7	Areelu	"""Přidala jsem se na stranu toho, proti komu jsem dříve bojovala. Viděla jsem omyl svého úsudku a správnost {mf|his|hers}. Pomohla jsem obnovit svět, který jsem zohavila. Zachraňovala jsem ho, hojila — až do chvíle, kdy rána na mé hrudi vyžádala můj život."""	"""Přidala jsem se na stranu toho, proti komu jsem dříve bojovala. Viděla jsem omyl svého úsudku a správnost {mf|his|hers}. Pomohla jsem obnovit svět, který jsem zohavila. Zachraňovala jsem ho, hojila — až do chvíle, kdy rána na mé hrudi vyžádala můj život."""	no
cd04e9ab-c34b-49ce-b0a7-25f064571101	Areelu	"""Byla jsem poražena. Vítěz mi ušetřil život gestem, které nebylo zcela milostí, ani zcela dobročinností. Zůstala jsem bez naděje, bez šance znovu najít smysl. Dožila jsem své poslední dny v odloučené chalupě daleko od všech, nikým potřebná, nikým nalezená."""	"""Byla jsem poražena. Vítěz mi ušetřila život gestem, které nebylo zcela milostí, ani zcela dobročinností. Zůstala jsem bez naděje, bez šance znovu najít smysl. Dožila jsem své poslední dny v odloučené chalupě daleko od všech, nikým potřebná, nikým nalezená."""	yes
102a4671-6e9d-45b6-a801-32d1706c9698	Areelu	"""Byla jsem poražena a padla rukou toho, koho jsem se snažila proměnit. Můj experiment skončil nezdarem a můj život s ním."""	"""Byla jsem poražena a padla rukou toho, koho jsem se snažila proměnit. Můj experiment skončila nezdarem a můj život s ním."""	yes
9fef8bad-d77c-45c3-ad34-32e1fa9ecb1d	Areelu	"""Byla jsem poražena. Padla jsem rukou toho, koho jsem plánovala proměnit v budoucnosti, která nepřišla. Můj experiment skončil nezdarem dřív, než vůbec začal. Což znamená, že jsem zemřela nevinná, dřív než jsem mohla spáchat jakékoli hříchy vůči vesmíru."""	"""Byla jsem poražena. Padla jsem rukou toho, koho jsem plánovala proměnit v budoucnosti, která nepřišla. Můj experiment skončila nezdarem dřív, než vůbec začala. Což znamená, že jsem zemřela nevinná, dřív než jsem mohla spáchat jakékoli hříchy vůči vesmíru."""	yes
91678ddf-3aa5-4810-9d6b-ded9211100a1	Areelu	"""Vyprávěla jsem ti příběh svého života, {g|Pharasma}Pharasma{/g}, Lady of Graves. Nejen o mém životě, ale i o Commandera. Věřím, že příběh tak proslulé postavy by vzbudil zvědavost i bohyně."""	"""Vyprávěla jsem ti příběh svého života, {g|Pharasma}Pharasma{/g}, Lady of Graves. Nejen o mém životě, ale i o Commandera. Věřím, že příběh tak proslulé postavy by vzbudila zvědavost i bohyně."""	yes
37ef9f4c-f71b-4cda-aa01-33d3af24cc39	Areelu	"""Přišla jsem sem říct, že {mf|he|she} a já už nejsme ve tvé moci. To je poslední, nejvýznamnější výsledek mého experimentu Transformace."""	"""Přišla jsem sem říct, že {mf|he|she} a já už nejsme ve tvé moci. To je poslední, nejvýznamnější výsledek mého experimentu Transformace."""	no
14bb7f75-e64d-4b06-a11d-40f0decd2d05	Areelu	"""Teď už víš vše. Očekávám tvůj rozsudek, bohyně."""	"""Teď už víš vše. Očekávám tvůj rozsudek, bohyně."""	no
e8e08c11-ef47-4659-8161-f8795f262443	Areelu	"""Kde je teď tvá proklamovaná vyrovnanost? Pokud uděláš takový krok, zapálíš válku, jež zatřese kosmem. Jsi na to připravena, Lady of Graves?"""	"""Kde je teď tvá proklamovaná vyrovnanost? Pokud uděláš takový krok, zapálíš válku, jež zatřese kosmem. Jsi na to připravena, Lady of Graves?"""	no
1b7e3c1f-a2db-4c3d-8492-23300d8c54e9	Epilogue PharasmasCourt	"""To už není tvoje věc. Tvůj čas vypršel."""	"""To už není tvoje věc. Tvůj čas vypršla."""	yes
d43805ab-46b4-4088-a072-95639c475907	Areelu	"""Předala jsem své poselství. Sbohem, Lady of Graves. Už se nesetkáme."""	"""Předala jsem své poselství. Sbohem, Lady of Graves. Už se nesetkáme."""	no
42cd424a-112a-4856-b999-a572e21d62e7	Epilogue PharasmasCourt	"""Jejich spojená moc narostla nesmírně, téměř srovnatelně s mou... Budiž."""	"""Jejich spojená moc narostla nesmírně, téměř srovnatelně s mou... Budiž."""	no
0edbbca2-a771-4718-bb54-4802fc194eb0	Epilogue PharasmasCourt	"""Zákony vesmíru existují po tisíciletí. Jsou nezpochybnitelné. Přesto i ony dovolují rozhodovateli osudů jistý stupeň vlivu na rozsudek."""	"""Zákony vesmíru existují po tisíciletí. Jsou nezpochybnitelné. Přesto i ony dovolují rozhodovateli osudů jistá stupeň vlivu na rozsudek."""	yes
348e5a46-3897-4c70-acaa-d2c0b7fad031	Epilogue PharasmasCourt	"""Spáchala jsi veliké zlo, ale tvé činy vycházely ze zla spáchaného na tobě. Přiznala jsi vinu a vykonala mnoho dobra — dokonce i ten, kdo z tvých činů nejvíce trpěl, nyní mluví v tvůj prospěch. Vidím nyní, že je tvá duše očištěna."""	"""Spáchala jsi veliké zlo, ale tvé činy vycházely ze zla spáchaného na tobě. Přiznala jsi vinu a vykonala mnoho dobra — dokonce i ten, kdo z tvých činů nejvíce trpěla, nyní mluví v tvůj prospěch. Vidím nyní, že je tvá duše očištěna."""	yes
6b499fc1-cc61-4e46-884f-7aeede4a06c0	Epilogue PharasmasCourt	"""Pošlu tě do Nirvany, roviny míru a duchovnosti, což je právě to, co nyní tvá duše potřebuje. Budiž."""	"""Pošlu tě do Nirvany, roviny míru a duchovnosti, což je právě to, co nyní tvá duše potřebuje. Budiž."""	no
501416da-041a-4666-9927-11d83457f0ae	Epilogue PharasmasCourt	"""„Služebníci Urgathoy nejsou vítáni v mých síních. Pryč, a nikdy se sem znovu neodvažujte přijít!“ {n}Hrobový hlas bohyně vyprchal a v {g|Boneyard}Boneyard{/g} opět zavládlo ticho.{/n} „A co tebe, Areelu Vorlesh...“"""	"""„Služebníci Urgathoy nejsou vítáni v mých síních. Pryč, a nikdy se sem znovu neodvažujte přijít!“ {n}Hrobová hlas bohyně vyprchala a v {g|Boneyard}Boneyard{/g} opět zavládlo ticho.{/n} „A co tebe, Areelu Vorlesh...“"""	yes
a7127642-b3c0-4b23-8898-0ae506516a70	Epilogue PharasmasCourt	"""Spáchala jsi veliké zlo — zabila jsi nespočet duší a uvedla samu existenci v nebezpečí. Tvá duše je temná a neschopná odčinění — dokonce i Abyss by pro tebe byl odměnou, ne trestem."""	"""Spáchalajsivelikézlo—zabilajsinespočetdušíauvedlasamuexistencivnebezpečí. Tvádušejetemnáaneschopnáodčinění—dokonceiAbybyssbyprotebebylaodměnou,netrestem."""	yes
21205eea-67ff-482a-a719-994fc97be536	Epilogue PharasmasCourt	"""Pro takového jako ty není ve vesmíru místo. Tak budiž."""	"""Pro takového jako ty není ve vesmíru místo. Tak budiž."""	no
eee2a9a0-2318-40fd-b6f3-bf2dc24d603f	Epilogue PharasmasCourt	"""Útěkář před mým soudem si přeje promluvit? Dopustím to."""	"""Útěkář před mým soudem si přeje promluvit? Dopustím to."""	no
6f4ddac8-7c3f-4281-b495-e913195f0067	Epilogue PharasmasCourt	"""Teď ty, {name}, smrtelníku, jenž ses povznesl tak vysoko, že stojíš odvážně v přítomnosti bohyně osudu. Dokázal jsi nemožné a budeš zapamatován, dokud tento vesmír existuje. Jdi, prožij zbytek svého života — těším se na pověsti o tvých budoucích skutcích."""	"""Teď ty, {name}, smrtelníku, jenž ses povznesla tak vysoko, že stojíš odvážně v přítomnosti bohyně osudu. Dokázala jsi nemožné a budeš zapamatován, dokud tento vesmír existuje. Jdi, prožij zbytek svého života — těším se na pověsti o tvých budoucích skutcích."""	yes
9952fcd4-adf5-4455-a6d2-43e7d167877f	Epilogue PharasmasCourt	"""Teď ty, {name}, smrtelníku, jenž ses povznesl tak vysoko, že stojíš odvážně v přítomnosti bohyně osudu. Dokázal jsi nemožné a budeš zapamatován, dokud tento vesmír existuje. Zasloužil sis svůj pokoj."""	"""Teď ty, {name}, smrtelníku, jenž ses povznesla tak vysoko, že stojíš odvážně v přítomnosti bohyně osudu. Dokázala jsi nemožné a budeš zapamatován, dokud tento vesmír existuje. Zasloužila sis svůj pokoj."""	yes
cdd8b0a2-372c-4591-95f7-4448a818a4dc	Epilogue PharasmasCourt	"""Teď ty, {name}, smrtelníku, jenž ses povznesl tak vysoko, že stojíš odvážně v přítomnosti bohyně osudu — a díváš se na ni shora. Jdi, prožij zbytek svého života, ale pamatuj — znovu se setkáme v této síni. Tvé dnešní uniknutí je jen odklad."""	"""Teď ty, {name}, smrtelníku, jenž ses povznesla tak vysoko, že stojíš odvážně v přítomnosti bohyně osudu — a díváš se na ni shora. Jdi, prožij zbytek svého života, ale pamatuj — znovu se setkáme v této síni. Tvé dnešní uniknutí je jen odklad."""	yes
e44c123f-c54d-4026-b380-d2c2f0e1b70c	Areelu	"""Byl jsem poražen, avšak vítěz rozhodl nechat vše beze změny. Pokračoval jsem v životě — bez naděje, bez možnosti znovu najít smysl. Žil jsem ve Worldwoundu. Otevíral jsem nové trhliny a vedl démony na Golarion. Pokračoval jsem ve výzkumu magie, nikdy neuhýbaje od experimentů, které mnozí nazývali ‚nelidskými‘ — až do chvíle, kdy rána na mé hrudi vyžádala můj život."""	"""Byla jsem poražen, avšak vítěz rozhodla nechat vše beze změny. Pokračovala jsem v životě — bez naděje, bez možnosti znovu najít smysl. Žila jsem ve Worldwoundu. Otevírala jsem nové trhliny a vedla démony na Golarion. Pokračovala jsem ve výzkumu magie, nikdy neuhýbaje od experimentů, které mnozí nazývali ‚nelidskými‘ — až do chvíle, kdy rána na mé hrudi vyžádala můj život."""	yes
753fd1bf-cb7c-435d-8672-5b01f06dfb45	Areelu	"""Můj experiment skončil úspěchem. Ve válce mezi Golarionem a Abyss jsem vystoupil jako vítěz. Trvalo sto let a milion smrti, než jsem přivedl zpět toho, komu byl tak krutě uťat život. A stálo to ještě jeden život — ten můj — aby {mf|him|her} mohl dál žít."""	"""Můjexperimentskončilaúspěchem. VeválcemeziGolarionemaAbybyssjsemvystoupilajakovítěz. Trvalostoletamilionsmrti,nežjsempřivedlazpěttoho,komubylatakkrutěuťatživot. Astálotoještějedenživot—tenmůj—abyby{mf|him|her} mohla dál žít."""	yes
fda4f24a-172b-496a-89ed-36b105790211	Epilogue PharasmasCourt	"""{mf|On|Ona} už není v mé moci. To je pravda. Božstvo dalo {mf|jemu|ji} právo rozhodnout o {mf|jeho|jejím} vlastním osudu. Ale ty — ty jsi vstoupil do mého {g|Boneyard}Boneyard{/g}, abys mi přinesl tyto zprávy, a je v mé moci tě zničit, zneexistnit a vymazat z kosmu. Zajímá mě, očekával {mf|on|ona} takový výsledek? Úmyslně si tě vybral, abys byl {mf|jeho|její} vyslancem?"""	"""{mf|On|Ona} už není v mé moci. To je pravda. Božstvo dalo {mf|jemu|ji} právo rozhodnout o {mf|jeho|jejím} vlastním osudu. Ale ty — ty jsi vstoupila do mého {g|Boneyard}Boneyard{/g},abybyssmipřineslatytozprávy,ajevmémocitězničit,zneexistnitavymazatzkosmu. Zajímámě,očekávala{mf|on|ona}takovývýsledek? Úmyslněsitěvybrala,abybyssbyla{mf|jeho|její} vyslancem?"""	yes
4e8ac266-57d6-40ab-9466-fa64d97aaa1f	Epilogue PharasmasCourt	"""Zákony vesmíru existují po tisíciletí. Jsou nezpochybnitelné."""	"""Zákony vesmíru existují po tisíciletí. Jsou nezpochybnitelné."""	no
ea679b24-6a24-418d-9abb-e4b72e4413ed	MythicLocust Ch5	"{n}Anevia ve svých tlumených barvách splývá téměř dokonale s pozadím. Působí uvolněně, avšak její zdánlivě nepřítomné oči všechno vnímají, sledují a filtrují možné hrozby. Jediným rozpoznatelným znakem je, jak si bubnuje prsty na kyčli u pochvy své zbraně. Nejeví známky zranění a sebedůvěrně se opírá o dříve zlomenou nohu. Předstírá, že si tě právě všimla, přestože tě sledovala z dálky.{/n} ""Och! Ahoj! Vidíš, jak mě spravili! Teď můžu běžet, skákat nebo si zatančit jigu, když se mi zachce."""	"{n}Anevia ve svých tlumených barvách splývá téměř dokonale s pozadím. Působí uvolněně, avšak její zdánlivě nepřítomné oči všechno vnímají, sledují a filtrují možné hrozby. Jediným rozpoznatelným znakem je, jak si bubnuje prsty na kyčli u pochvy své zbraně. Nejeví známky zranění a sebedůvěrně se opírá o dříve zlomenou nohu. Předstírá, že si tě právě všimla, přestože tě sledovala z dálky.{/n} ""Och! Ahoj! Vidíš, jak mě spravili! Teď můžu běžet, skákat nebo si zatančit jigu, když se mi zachce."""	no
e6764db6-ee71-4278-bd92-3103ac2b7fcd	MythicLocust Ch5	"""Podívej, kdo to je! Ahoj!"""	"""Podívej, kdo to je! Ahoj!"""	no
a438d597-6e2f-408d-a5d8-5819082cf30c	MythicLocust Ch5	"{n}Pokrčí rameny s líným úsměvem.{/n} ""Ráda bych, ale vlastně není o čem vyprávět. Co je na mně tak zajímavého?"""	"{n}Pokrčí rameny s líným úsměvem.{/n} ""Ráda bych, ale vlastně není o čem vyprávět. Co je na mně tak zajímavého?"""	no
cfc14dd8-e764-41c6-b36e-8309839f3867	MythicLocust Ch5	"""V nikam — byla jsem odfouknuta větrem a našli mě v záhoně zelí..."" {n}Zarazí se.{/n} ""Promiň, to je můj starý zvyk. Nerada mluvím o své minulosti. Ale zachránil jsi mi kůži, takže ti dlužím, že se nebudu vysmívat, ano?"""	"""V nikam — byla jsem odfouknuta větrem a našli mě v záhoně zelí..."" {n}Zarazí se.{/n} ""Promiň, to je můj stará zvyk. Nerada mluvím o své minulosti. Ale zachránila jsi mi kůži, takže ti dlužím, že se nebudu vysmívat, ano?"""	yes
fdd26e04-926f-406f-8724-84cb5715cee5	MythicLocust Ch5	"""Jsem z {g|Nidal}Nidal{/g}. A své vlasti bych nepřála ani tomu nejhoršímu nepříteli. Určitě o ní slyšíš — vládnou tam příšery, které nejsou ani živé, ani mrtvé, a oficiálním náboženstvím je kult {g|Zon-Kuthon}Zon-Kuthon{/g}. Vyrůstala jsem v chudinské čtvrti, jako plevel mezi dlažebními kostkami. Tátu jsem neměla, ale měla jsem spoustu tet a strýců... kumpánů mé matky. Netipuj, v čem měla mamka prsty. Dali mi sadu nástrojů na vypáčení zámků, jakmile jsem byla schopna držet lžíci, a zatímco ostatní děti si rýpaly v nose, já tahala peněženky."""	"""Jsem z {g|Nidal}Nidal{/g}. A své vlasti bych nepřála ani tomu nejhoršímu nepříteli. Určitě o ní slyšíš — vládnou tam příšery, které nejsou ani živé, ani mrtvé, a oficiálním náboženstvím je kult {g|Zon-Kuthon}Zon-Kuthon{/g}. Vyrůstala jsem v chudinské čtvrti, jako plevel mezi dlažebními kostkami. Tátu jsem neměla, ale měla jsem spoustu tet a strýců... kumpánů mé matky. Netipuj, v čem měla mamka prsty. Dali mi sadu nástrojů na vypáčení zámků, jakmile jsem byla schopna držet lžíci, a zatímco ostatní děti si rýpaly v nose, já tahala peněženky."""	no
89ceece7-fd65-485e-a930-ecfa5824e116	MythicLocust Ch5	"""Když mi bylo dvanáct, přišli pro nás mniši Tichého pláště. Děsiví chlapi s prošitými ústy, jsou to strážci v Nisroch. Máma mě svěřila svým přátelům a schovali jsme se v tajném chrámu {g|Desna}Desna{/g}. Mamku jsem už nikdy neviděla."""	"""Když mi bylo dvanáct, přišli pro nás mniši Tichého pláště. Děsiví chlapi s prošitými ústy, jsou to strážci v Nisroch. Máma mě svěřila svým přátelům a schovali jsme se v tajném chrámu {g|Desna}Desna{/g}. Mamku jsem už nikdy neviděla."""	no
c7b19f2d-2ad5-40d8-b59f-a9c264b14ce3	MythicLocust Ch5	"""Příštích pár let jsem setrvala v chrámu, držela jsem hlavu skloněnou. Myla jsem podlahy, nosila vodu, poslouchala kázání. Smutné je, že po čase se mi začalo líbit učení {g|Desna}Desna{/g}. Ale jakmile jsem dospěla, zmizela jsem — opustila jsem {g|Nidal}Nidal{/g} a dostala se co nejdál."""	"""Příštích pár let jsem setrvala v chrámu, držela jsem hlavu skloněnou. Myla jsem podlahy, nosila vodu, poslouchala kázání. Smutné je, že po čase se mi začalo líbit učení {g|Desna}Desna{/g}. Ale jakmile jsem dospěla, zmizela jsem — opustila jsem {g|Nidal}Nidal{/g} a dostala se co nejdál."""	no
7e982062-1445-4130-acb5-17857b34f8f6	MythicLocust Ch5	"""Chvilku jsem se potulovala po Tymonu a dělala sem tam různé věci. Chrámy {g|Desna}Desna{/g} mi občas dali nějaké příležitostné práce. Víte, občas potřebovali někoho s dovednostmi jako mám já. Na povrchu to bylo fajn — po Nidal se svoboda {g|River Kingdoms}River Kingdoms{/g} musela zdát jako ráj, šance užívat si života. Ale nebyla jsem šťastná. Nezůstala tam žádná radost. Byla jsem úplně sama. Nikdo se o mě nestaral a mě nikdo nezajímal. Hledala jsem důvod vstát každé ráno... svázat si kámen na krk a skočit do nejbližší řeky se začalo zdát lákavé."""	"""Chvilku jsem se potulovala po Tymonu a dělala sem tam různé věci. Chrámy {g|Desna}Desna{/g} mi občas dali nějaké příležitostné práce. Víte, občas potřebovali někoho s dovednostmi jako mám já. Na povrchu to bylo fajn — po Nidal se svoboda {g|River Kingdoms}River Kingdoms{/g} musela zdát jako ráj, šance užívat si života. Ale nebyla jsem šťastná. Nezůstala tam žádná radost. Byla jsem úplně sama. Nikdo se o mě nestarala a mě nikdo nezajímala. Hledala jsem důvod vstát každé ráno... svázat si kámen na krk a skočit do nejbližší řeky se začalo zdát lákavé."""	yes
e89425c4-5816-4513-8711-6476449bb155	MythicLocust Ch5	"""Jednoho dne mě najali, abych sledovala chlápky, které místní úřady podezřívaly ze špionáže pro {g|Razmiran}Razmiran{/g}. Byla jsem hloupá, udělala jsem začátečnickou chybu a chytili mě. Jako by mé tělo už rozhodlo udělat to, čemu se můj rozum bránil: konečně mě zbavit bolesti. Nechat někoho jiného mě zabít, protože na to já neměla kuráž. Popadli mě. Myslela jsem, že mě na místě roztrhají, místo toho mě svázali a odtáhli... A jako zvíře jdoucí na porážku mi běžela hlavou jen myšlenka „tak ať už je to za námi.“"""	"""Jednohodneměnajali,abybychsledovalachlápky,kterémístníúřadypodezřívalyzešpionážepro{g|Razmiran}Razmiran{/g}. Byla jsem hloupá, udělala jsem začátečnickou chybu a chytili mě. Jako by mé tělo už rozhodlo udělat to, čemu se můj rozum bránila: konečně mě zbavit bolesti. Nechat někoho jiného mě zabít, protože na to já neměla kuráž. Popadli mě. Myslela jsem, že mě na místě roztrhají, místo toho mě svázali a odtáhli... A jako zvíře jdoucí na porážku mi běžela hlavou jen myšlenka „tak ať už je to za námi.“"""	yes
2b2156aa-dd8a-4856-9293-58185efb17d1	MythicLocust Ch5	"""Představ si to. Ležím na oltáři obklopená šílenci s noži, a najednou vtrhne {g|Irabeth}Irabeth{/g}! Myslela jsem, že to je sama {g|Iomedae}Iomedae{/g}! Zuřivá v lesklé zbroji, meč vztyčený. Rychle udělala pořádek s těmi parchanty, rozsekala je — ani jsem nestačila mrknout. Odsvobodila mě. A pak..."" {n}Aneviin obličej se rozsvítí, když se zachichotá.{/n} ""Prohlédla si papíry na stole a začala nadávat jako námořník! Tak nazdar Iomedae, ha ha!"""	"""Představ si to. Ležím na oltáři obklopená šílenci s noži, a najednou vtrhne {g|Irabeth}Irabeth{/g}! Myslela jsem, že to je sama {g|Iomedae}Iomedae{/g}! Zuřivá v lesklé zbroji, meč vztyčená. Rychle udělala pořádek s těmi parchanty, rozsekala je — ani jsem nestačila mrknout. Odsvobodila mě. A pak..."" {n}Aneviin obličej se rozsvítí, když se zachichotá.{/n} ""Prohlédla si papíry na stole a začala nadávat jako námořník! Tak nazdar Iomedae, ha ha!"""	yes
911e9feb-7157-4ac8-be9b-8324d778aa0d	MythicLocust Ch5	Poté, co jsem málem skončil jako lidská oběť, věděl jsem, že už nikdy nechci opustit Irabethinu stranu. {g|Desna}Desna{/g} ví, zamiloval jsem se do ní okamžitě a pořádně. Moje bída byla pryč. A když mi Irabeth ukázala, co bylo v těch papírech — důkaz, že kultisté měli hnízdo v jejím rodném městě — no, bez váhání jsem nabídl pomoc.	Poté, co jsem málem skončila jako lidská oběť, věděla jsem, že už nikdy nechci opustit Irabethinu stranu. {g|Desna}Desna{/g} ví, zamilovala jsem se do ní okamžitě a pořádně. Moje bída byla pryč. A když mi Irabeth ukázala, co bylo v těch papírech — důkaz, že kultisté měli hnízdo v jejím rodném městě — no, bez váhání jsem nabídla pomoc.	yes
7fa23909-eeb0-4b19-80fd-4997bf0bf693	MythicLocust Ch5	Je to jako... žít. Bez ní bych nebyl. Vážně, kdybych byl sám, už bych dávno nebyl mezi živými.	Jetojako...žít. Bezníbychnebyla. Vážně,kdyžbychbylasám,užbychdávnonebylameziživými.	yes
1c9a62f0-9348-4578-9fda-02c38bc4513f	MythicLocust Ch5	(Jako Anevia bezmocně gestikuluje.) Jo, občas se hádáme, to nelze popřít. Občas bušíme pěstmi do stolu a křičíme tak hlasitě, že se třesou zdi, ale to je všechno kvůli věcem Řádu. Ale doma... Dám ti příklad. Vždycky jsem chtěl přestěhovat se z té šatní skříně, které říkáme dům, do něčeho útulnějšího. Není to tak, že by v Eagle Watch skládali slib chudoby. Ale každý měsíc se nějak většina našich volných peněz utratí na záležitosti křižáků. Jasně, zlobím se na to, ale... (Anevia bezmocně gestikuluje.) To je část toho, proč ji tak miluju.	(Jako Anevia bezmocně gestikuluje.) Jo, občas se hádáme, to nelze popřít. Občas bušíme pěstmi do stolu a křičíme tak hlasitě, že se třesou zdi, ale to je všechno kvůli věcem Řádu. Ale doma... Dám ti příklad. Vždycky jsem chtěla přestěhovat se z té šatní skříně, které říkáme dům, do něčeho útulnějšího. Není to tak, že by v Eagle Watch skládali slib chudoby. Ale každý měsíc se nějak většina našich volných peněz utratí na záležitosti křižáků. Jasně, zlobím se na to, ale... (Anevia bezmocně gestikuluje.) To je část toho, proč ji tak miluju.	yes
c8f49b46-2d8b-4dce-8cff-dc856a898bdf	MythicLocust Ch5	Víš, Irabeth má to, co je pro člověka nejdůležitější — smysl života. Vždy má důvod pro cokoliv, co dělá. Celý její život je křižácká výprava. A já... jen jsem se potloukal jako list ve větru, dokud nás {g|Desna}Desna{/g} nespojila. Teď je ona smyslem mého života. Takže je opravdu jedno, jestli bydlíme v sídle nebo pod keřem.	Víš, Irabeth má to, co je pro člověka nejdůležitější — smysl života. Vždy má důvod pro cokoliv, co dělá. Celá její život je křižácká výprava. A já... jen jsem se potloukala jako list ve větru, dokud nás {g|Desna}Desna{/g} nespojila. Teď je ona smyslem mého života. Takže je opravdu jedno, jestli bydlíme v sídle nebo pod keřem.	yes
68cc8d1e-460c-42a1-8b09-56f921177206	MythicLocust Ch5	Díky, že ses zeptal. Říct ti tohle mi nějak ulevilo.	Díky, že ses zeptala. Říct ti tohle mi nějak ulevilo.	yes
dea01f17-3656-4b0e-aa69-c5b9dc07d3ab	MythicLocust Ch5	(Anevia se vyhýbavě usměje.) Nic oficiálního. Nejsem ani rytířka, víš — jen se toulám kolem. Opravdu chceš znát podrobnosti?	(Anevia se vyhýbavě usměje.) Nic oficiálního. Nejsem ani rytířka, víš — jen se toulám kolem. Opravdu chceš znát podrobnosti?	no
74c3f799-730e-41aa-8933-1da7e78fad72	MythicLocust Ch5	Chytat zrádce, špiony a kultisty není žádná procházka růžovou zahradou — je to citlivá práce. Ne vždy to lze dělat přesně podle písma zákona. Co když někoho podezřelého přepadneme oficiální prohlídkou? Brzy se o tom všichni dozvědí, počínaje jejich kumpány. Na druhou stranu, vnikat v noci do domů lidí taky není zrovna legální. Křižáci by takové věci dělat neměli, že? No, já nejsem zrovna rytířka... (Odmlčí se.)	Chytat zrádce, špiony a kultisty není žádná procházka růžovou zahradou — je to citlivá práce. Ne vždy to lze dělat přesně podle písma zákona. Co když někoho podezřelého přepadneme oficiální prohlídkou? Brzy se o tom všichni dozvědí, počínaje jejich kumpány. Na druhou stranu, vnikat v noci do domů lidí taky není zrovna legální. Křižáci by takové věci dělat neměli, že? No, já nejsem zrovna rytířka... (Odmlčí se.)	no
6c901cd5-03d4-4787-bab1-57486866f583	MythicLocust Ch5	Tak jo! Dávej na sebe pozor.	Tak jo! Dávej na sebe pozor.	no
b3758873-723a-4cdd-8f6c-b3eadc5cf304	MythicLocust Ch5	Dovedli mě do jejich zapáchající jeskyně, hodili mě na oltář — a já si uvědomil, kdo to byl. {g|Zon-Kuthon}Kuthites{/g}. Z {g|Nidal}Nidal{/g}. Sledovali mě, po všech těch letech! Ale už mi to bylo jedno. Nezáleželo by mi ani kdyby mě snědli nebo co. Všichni jednou musíme jít, že jo? Ležel jsem tam a zíral na nože namířené na mě, když osud hodil kostkami a já vyhrál. {g|Irabeth}Irabeth{/g}. Tam byla, vtrhla do jeskyně.	Dovedli mě do jejich zapáchající jeskyně, hodili mě na oltář — a já si uvědomila, kdo to byla. {g|Zon-Kuthon}Kuthites{/g}. Z {g|Nidal}Nidal{/g}.Sledovalimě,povšechtěchletech! Aleužmitobylojedno. Nezáleželobymianikdyžbyměsnědlineboco. Všichnijednoumusímejít,žejo? Leželajsemtamazíralananoženamířenénamě,kdyžosudhodilakostkamiajávyhrála.{g|Irabeth}Irabeth{/g}. Tam byla, vtrhla do jeskyně.	yes
c0befdc9-37f5-42f7-b622-5ce905183cc8	MythicLocust Ch5	(Anevia se vřele usměje.) Musela si myslet, že už nemohu vyčkat pomsty na kultistech. Ale ti mě nezajímali. Šlo o ni. Šel bych s ní kamkoli. I na {g|Crusades}crusade{/g}, nebo do čelistí draka.	(Anevia se vřele usměje.) Musela si myslet, že už nemohu vyčkat pomsty na kultistech. Ale ti mě nezajímali. Šlo o ni. Šla bych s ní kamkoli. I na {g|Crusades}crusade{/g}, nebo do čelistí draka.	yes
f56d37c7-b921-4db3-86cd-41e7b710f330	MythicLocust Ch5	To máš pravdu, ha ha, jen to nejlepší pro tebe! Co uděláš, když rytíři a šlechtici selžou a nezachrání svět? Spodina je naše jediná naděje!	To máš pravdu, ha ha, jen to nejlepší pro tebe! Co uděláš, když rytíři a šlechtici selžou a nezachrání svět? Spodina je naše jediná naděje!	no
5e01eb98-afe6-4350-b9fb-f19ec1558087	MythicLocust Ch5	(Anevia tě zkoumavě přejede pohledem.) Tak mi řekni na rovinu, jak ta rvačka v Gray Garrison dopadla? Slyšela jsem drby, samozřejmě. To je trochu moje práce — poslouchat. Nemáš tušení, jaké pohádky o tobě křižáci povídají. Někteří říkají, že k tobě přišla {g|Iomedae}Iomedae{/g} a jmenovala tě svým heraldem. Jiní říkají, že jsi zemřel a že armádu teď vede opravdový anděl převlečený za tebe. Ještě jiní tvrdí, že to byl jen výbuch v alchymistově dílně a že já šířím drby o tvých schopnostech. Kéž by!	(Anevia tě zkoumavě přejede pohledem.) Tak mi řekni na rovinu, jak ta rvačka v Gray Garrison dopadla? Slyšela jsem drby, samozřejmě. To je trochu moje práce — poslouchat. Nemáš tušení, jaké pohádky o tobě křižáci povídají. Někteří říkají, že k tobě přišla {g|Iomedae}Iomedae{/g} a jmenovala tě svým heraldem. Jiní říkají, že jsi zemřela a že armádu teď vede opravdová anděl převlečená za tebe. Ještě jiní tvrdí, že to byla jen výbuch v alchymistově dílně a že já šířím drby o tvých schopnostech. Kéž by!	yes
bd1bcac0-00c4-4310-8ae4-8fbee47151d4	MythicLocust Ch5	Ale víš... Od Gray Garrison ses opravdu změnil. Těžko se to popisuje, ale stal ses tak trochu... (Anevia mávne rukou, snaží se najít slovo.)	Ale víš... Od Gray Garrison ses opravdu změnila. Těžko se to popisuje, ale stala ses tak trochu... (Anevia mávne rukou, snaží se najít slovo.)	yes
562eb288-b537-4a13-a889-34c4a4b4ca9b	MythicLocust Ch5	Nebezpečnější. Mám na tyhle věci instinkt. Kdyby ne, už bych byl mrtvý. Jsi nebezpečný, Veliteli, a před {g|Desna}Desna{/g} doufám, že budeš nebezpečný našim nepřátelům, a ne nám... ani sobě!	Nebezpečnější. Mámnatyhlevěciinstinkt. Kdyžbyne,užbychbylamrtvá. Jsinebezpečná,Veliteli,apřed{g|Desna}Desna{/g} doufám, že budeš nebezpečná našim nepřátelům, a ne nám... ani sobě!	yes
0f31c449-3c10-4970-8731-20c07e7be4fe	MythicLocust Ch5	Jo, přesně tak!	Jo, přesně tak!	no
525679bc-8e43-4436-8980-d74b8741a784	MythicLocust Ch5	(Oči Anevia na okamžik zablesknou ďábelským ohněm a ona odvrátí pohled.) Beth říká, že jsi udělal správně, když jsi jí uštědřil ten řez. Říká, že si to zasloužila a že jí to pomohlo. Takže víš, možná bych si tentokrát měla nechat svůj názor pro sebe — ohledně toho, co jsi udělal, a jak se na tebe dívám. (Anevia zatne rty.)	(Oči Anevia na okamžik zablesknou ďábelským ohněm a ona odvrátí pohled.) Beth říká, že jsi udělala správně, když jsi jí uštědřila ten řez. Říká, že si to zasloužila a že jí to pomohlo. Takže víš, možná bych si tentokrát měla nechat svůj názor pro sebe — ohledně toho, co jsi udělala, a jak se na tebe dívám. (Anevia zatne rty.)	yes
37af1018-d036-4965-82c5-b953e06c90d7	MythicLocust Ch5	Někdy je Beth tvrdohlavá jako mezek. Mohli jsme zaplatit léčitele, aby jí tu jizvu odstranil, ale odmítla. Říká, že jí to připomíná její „hanbu“ a že ji to od takového jednání odradí do budoucna... Je takhle popletená.	NěkdyjeBethtvrdohlavájakomezek. Mohlijsmezaplatitléčitele,abybyjítujizvuodstranila,aleodmítla. Říká,žejítopřipomínájejí„hanbu“ažejitoodtakovéhojednáníodradídobudoucna... Jetakhlepopletená.	yes
060f4252-0650-4826-aefd-fc1f20f9579d	MythicLocust Ch5	(Anevia odpoví sotva skrývaně podrážděně.) Nic z toho. Naši průzkumníci prolezli celou oblast, do každé díry. Nic. Gray Road byla úplně prázdná, a pak — bam! Vyskočilo celé vojsko jako z krabičky.	(Anevia odpoví sotva skrývaně podrážděně.) Nic z toho. Naši průzkumníci prolezli celou oblast, do každé díry. Nic. Gray Road byla úplně prázdná, a pak — bam! Vyskočilo celé vojsko jako z krabičky.	no
eee4a2c4-93fe-403b-a1fa-ecbaf0da346b	MythicLocust Ch5	Můj jediný vodítko jsou nějací průzkumníci, kteří se nevrátili z kaňonů na jihozápad. Ale nenašli jsme žádné známky tajných stezek ani podzemních průchodů, a rozhodně žádnou trasu, kterou bychom mohli potichu přesunout velkou sílu. Ale cítím to v žaludku — tam venku je nějaká zlá špína. Musíme jen hledat víc. Jasně, mohl(a) bych poslat další průzkumníky, ale ti by se mohli prostě ztratit jako první. Proč tam sám nejdeš a nepodíváš se?	Můj jediná vodítko jsou nějací průzkumníci, kteří se nevrátili z kaňonů na jihozápad. Ale nenašli jsme žádné známky tajných stezek ani podzemních průchodů, a rozhodně žádnou trasu, kterou bychom mohli potichu přesunout velkou sílu. Ale cítím to v žaludku — tam venku je nějaká zlá špína. Musíme jen hledat víc. Jasně, mohla(a) bych poslat další průzkumníky, ale ti by se mohli prostě ztratit jako první. Proč tam sám nejdeš a nepodíváš se?	yes
971ebcb2-c556-4a40-b468-340b883c881a	MythicLocust Ch5	(Anevia si vrazí pěst do dlaně.) Víš, rád(a) bych tu potvoru Nurah pořádně prohnal(a)! Jak dlouho sloužila těm démonům, kdo ví? Vsadím slušné stříbro, že kdybych ji otočil(a vzhůru nohama a potřásl(a) jí), vypadlo by z ní něco zajímavého, ne jen vši!	(Aneviasivrazípěstdodlaně.) Víš,ráda(a)bychtupotvoruNurahpořádněprohnala(a)! Jakdlouhosloužilatěmdémonům,kdoví? Vsadímslušnéstříbro,žekdyžbychjiotočila(avzhůrunohamaapotřásla(a)jí),vypadlobyzníněcozajímavého,nejenvši!	yes
f417c660-818f-4d01-b0eb-2bd40e372731	MythicLocust Ch5	(Anevia se na tebe smutně podívá.) Na tom není nic dobrého. Věci, které jsi musel dělat, a fakt, že bojujeme bok po boku s mrtvými, protože bez nich to nikdy nedáme. Ale aspoň postupujeme vpřed, ne couváme jako dřív. Asi to byla jediná cesta. Špatné časy volají po špatných opatřeních.	(Anevia se na tebe smutně podívá.) Na tom není nic dobrého. Věci, které jsi musela dělat, a fakt, že bojujeme bok po boku s mrtvými, protože bez nich to nikdy nedáme. Ale aspoň postupujeme vpřed, ne couváme jako dřív. Asi to byla jediná cesta. Špatné časy volají po špatných opatřeních.	yes
08a6b552-5ddb-428f-aa64-5e77f5b67b62	MythicLocust Ch5	(Anevia ostře zavrtí hlavou.) Ne. Nula. Nic. Ta špína se rozplynula jako pára nad hrncem. Vojáci viděli, jak vyskočila z okna, proběhla náměstím před citadelou a najednou zmizela. Od té doby jsme o ní neslyšeli. A nelíbí se mi to. Říkám ti, to je špatné.	(Anevia ostře zavrtí hlavou.) Ne. Nula. Nic. Ta špína se rozplynula jako pára nad hrncem. Vojáci viděli, jak vyskočila z okna, proběhla náměstím před citadelou a najednou zmizela. Od té doby jsme o ní neslyšeli. A nelíbí se mi to. Říkám ti, to je špatné.	no
0e967c6e-5bda-4e03-a3aa-c8a9cce0a662	MythicLocust Ch5	Především její druh se jen tak nevzdává. Jestli ji nevidíme, znamená to, že nám někde připravuje past, kde to nečekáme. Bylo by fajn, kdyby ji páni démonů prostě sežrali za její selhání, ale to je příliš velká naděje.	Předevšímjejídruhsejentaknevzdává. Jestlijinevidíme,znamenáto,ženámněkdepřipravujepast,kdetonečekáme. Bylobyfajn,kdyžbyjipánidémonůprostěsežralizajejíselhání,aletojepřílišvelkánaděje.	yes
3989cafd-745b-44be-94a5-ae7b1a7119b5	MythicLocust Ch5	Ale to není to nejhorší. Máme zajímavější otázku, víš. Zajímá mě, jak se teleportovala z města, když jsi už tehdy pověsil prapor. Vojáci říkají, že to tehdy asi nebylo v plné síle, ale ty i já víme, že to jsou hlouposti. Neměla být schopná teleportovat, a přesto to udělala. Otázkou zůstává: jak?	Ale to není to nejhorší. Máme zajímavější otázku, víš. Zajímá mě, jak se teleportovala z města, když jsi už tehdy pověsila prapor. Vojáci říkají, že to tehdy asi nebylo v plné síle, ale ty i já víme, že to jsou hlouposti. Neměla být schopná teleportovat, a přesto to udělala. Otázkou zůstává: jak?	yes
e5df2326-182f-4b40-a753-a4c651866b8a	MythicLocust Ch5	Nemám tušení, ani žádné hlášení. I když, když se nad tím zamyslíš — kde bys čekal, že se schová jedna z {g|Baphomet}Baphomet's{/g} kultistek? Vsadím se, že se skrývá někde přímo před našima očima. Navíc ti uctívači démonů milují znesvěcování posvátných míst. Kdybych byl tebou, hledal bych ji v nějaké blízké svatyni.	Nemám tušení, ani žádné hlášení. I když, když se nad tím zamyslíš — kde bys čekala, že se schová jedna z {g|Baphomet}Baphomet's{/g}kultistek? Vsadímse,žeseskrýváněkdepřímopřednašimaočima. Navíctiuctívačidémonůmilujíznesvěcováníposvátnýchmíst. Kdyžbychbylatebou,hledalabychjivnějakéblízkésvatyni.	yes
970abada-5ef6-4537-82af-7a844d9b9894	MythicLocust Ch5	(Anevia pohlédne na zdevastovanou krčmu, kousajíc si ret s pochmurným výrazem.) Víš... To ještě nekončí. Ale naše šance se den ode dne tenčí.	(Anevia pohlédne na zdevastovanou krčmu, kousajíc si ret s pochmurným výrazem.) Víš... To ještě nekončí. Ale naše šance se den ode dne tenčí.	no
e7448a26-3735-4f71-b535-8138af261743	MythicLocust Ch5	(Anevia neochotně zavrtí hlavou.) Nemám tušení. Přemýšlel jsem o tom dny. Ti potvory musí přicházet z nějakého sklepa, řekl bys. Nebo z opuštěné budovy. Nebo, kéž by Desna, z nějakého tajného průchodu, který jsme ještě nenašli. Musíme to uštípnout v zárodku — až se ta stvoření začnou množit, nebude to hezké!	(Anevia neochotně zavrtí hlavou.) Nemám tušení. Přemýšlela jsem o tom dny. Ti potvory musí přicházet z nějakého sklepa, řekla bys. Nebo z opuštěné budovy. Nebo, kéž by Desna, z nějakého tajného průchodu, který jsme ještě nenašli. Musíme to uštípnout v zárodku — až se ta stvoření začnou množit, nebude to hezké!	yes
390b8341-3b7e-4fb4-b9e5-a5c7932194c0	MythicLocust Ch5	Ale život v Kenabres jsem si vzal jako kachna vodu. Všude jsem byl vyvrhel — ale polovina křižáků je na tom stejně. Kdo by dobrovolně šel prát se s démony na okraji Propasti? Musíš být buď pedantický ctitel se spoustou cti a volného času, nebo mizerný outsider bez života v normálním světě s normálními lidmi. Lidé sem přicházejí prchnout před dluhy, minulostí, před sebou samými... Takže jsem zapadl.	Ale život v Kenabres jsem si vzala jako kachna vodu. Všude jsem byla vyvrhel — ale polovina křižáků je na tom stejně. Kdo by dobrovolně šla prát se s démony na okraji Propasti? Musíš být buď pedantická ctitel se spoustou cti a volného času, nebo mizerná outsider bez života v normálním světě s normálními lidmi. Lidé sem přicházejí prchnout před dluhy, minulostí, před sebou samými... Takže jsem zapadla.	yes
14fe45ee-4524-44af-90c3-533b423cf8a9	MythicLocust Ch5	(Anevia se zamračí a podívá ti se přímo do očí.) Nebudu si hrát na obkrouhávání, řeknu to na rovinu. Netuším, co si z toho mám myslet. Moje paranoia mi říká držet tě daleko od jakékoli moci, pro případ, že uděláš něco šíleného... Ale zkušenost mi říká, že život je mnohem komplikovanější, než fanatici jako Hulrun chtějí věřit. Zatím mě nic, co jsi udělal, nepřimělo pochybovat o tvé loajalitě. Převáží ocas a pár rohů nad tvými ostatními činy? Ne, to si nemyslím.	(Anevia se zamračí a podívá ti se přímo do očí.) Nebudu si hrát na obkrouhávání, řeknu to na rovinu. Netuším, co si z toho mám myslet. Moje paranoia mi říká držet tě daleko od jakékoli moci, pro případ, že uděláš něco šíleného... Ale zkušenost mi říká, že život je mnohem komplikovanější, než fanatici jako Hulrun chtějí věřit. Zatím mě nic, co jsi udělala, nepřimělo pochybovat o tvé loajalitě. Převáží ocas a pár rohů nad tvými ostatními činy? Ne, to si nemyslím.	yes
ee157b91-2990-4590-97ac-8a1dc9eac238	MythicLocust Ch5	Vždyť jsi si to nevybral... Worldwound vyplivl do Golarionu spoustu hnusu, možná se ti z toho něco přichytilo jako tomu bylo u mongrelů. Pokud to tak bylo, dává ti to jen další důvod nenávidět démony a nám další důvod ti věřit a následovat tě.	Vždyť jsi si to nevybrala... Worldwound vyplivla do Golarionu spoustu hnusu, možná se ti z toho něco přichytilo jako tomu bylo u mongrelů. Pokud to tak bylo, dává ti to jen další důvod nenávidět démony a nám další důvod ti věřit a následovat tě.	yes
133ed7a4-d7ed-4bec-af79-1200b57d7dac	MythicLocust Ch5	(Anevia se na tebe zamračí.) Obvykle nesnáším chytráky, co si myslí, že čtou lidi jako knihu a vždy vědí, co je správné... ale tvoje schopnost tě zatím nezklamala. Věřím ti. Víš, trochu mi tím připomínáš Irabeth: ona nemůže klidně spát, pokud ví, že se kolem děje nespravedlnost. Je jasné, proč ti kryje záda.	(Anevia se na tebe zamračí.) Obvykle nesnáším chytráky, co si myslí, že čtou lidi jako knihu a vždy vědí, co je správné... ale tvoje schopnost tě zatím nezklamala. Věřím ti. Víš, trochu mi tím připomínáš Irabeth: ona nemůže klidně spát, pokud ví, že se kolem děje nespravedlnost. Je jasné, proč ti kryje záda.	no
54aa10e6-d570-4500-8bee-377928bf987c	MythicLocust Ch5	Jo, udělala jsem v životě spoustu věcí, na které nejsem hrdá. Ale pokud se začneš chovat povýšeně, jen proto, že sis opatřil nějaké úžasné nové schopnosti a teď si myslíš, že víš všechno o každém... Přijdu o veškerý respekt. Jen tak na vědomí.	Jo, udělala jsem v životě spoustu věcí, na které nejsem hrdá. Ale pokud se začneš chovat povýšeně, jen proto, že sis opatřila nějaké úžasné nové schopnosti a teď si myslíš, že víš všechno o každém... Přijdu o veškerý respekt. Jen tak na vědomí.	yes
255549af-f172-48be-89e4-7a189e2e92b2	MythicLocust Ch5	Eh, nic velkého. Jen jsem seděla venku v chladu příliš dlouho a prochladla... Díky za starost, ale neboj: jsem teď zdravá jako ryba.	Eh, nic velkého. Jen jsem seděla venku v chladu příliš dlouho a prochladla... Díky za starost, ale neboj: jsem teď zdravá jako ryba.	no
07b41ba9-5f59-4d96-b239-903d45a81f82	MythicLocust Ch5	(Anevia povzdechne.) Všechno nakonec dopadlo. Ale Staunton — wow — ten muž je ze železa: představ si, hájit Drezen 70 let! Kdokoli jiný by se zhroutil a vyrazil s praporem v čele, aby to měl za sebou, ale on seděl a čekal... Irabeth o něm mluví tolik, že mi začíná být lehce žárlivo. Žertuju, žertuju! Je dost starý na to, aby byl jejím otcem.	(Aneviapovzdechne.) Všechnonakonecdopadlo. AleStaunton—wow—tenmužjezeželeza:představsi,hájitDrezen70let! Kdokolijinábysezhroutilaavyrazilaspraporemvčele,abybytomělazasebou,aleonsedělaačekala... Irabethoněmmluvítolik,žemizačínábýtlehcežárlivo. Žertuju,žertuju! Jedoststaránato,abybybylajejímotcem.	yes
3213460e-6ca0-47f8-891c-5cfab5c4907e	MythicLocust Ch5	(Anevia se na tebe dlouze podívá, koutky rtů se jí pozvedají.) Nevím, co si o tom všem myslet. Jsi pro mě stoprocentní záhada. A obvykle záhady nemusím, ale jsi jiný. Tvoje šílené kousky mi nějak dávají pocit, že možná, čistě náhodou, tahle noční můra skončí šťastně. Nejsem odbornice, ale myslím, že tohle je, jak chutná naděje?	(Anevia se na tebe dlouze podívá, koutky rtů se jí pozvedají.) Nevím, co si o tom všem myslet. Jsi pro mě stoprocentní záhada. A obvykle záhady nemusím, ale jsi jiná. Tvoje šílené kousky mi nějak dávají pocit, že možná, čistě náhodou, tahle noční můra skončí šťastně. Nejsem odbornice, ale myslím, že tohle je, jak chutná naděje?	yes
7ab430df-c0d1-4f4b-9ed0-933a6aa6b9a6	MythicLocust Ch5	Jako kdybys tam taky nebyl! Ale budiž, osvěžím ti paměť. Všichni pobíhají a bojují s démony, kouzla lítají z městských hradeb, lije se i vroucí dehet, obrovský balor řádí a drtí vše okolo... a Irabeth byla uprostřed toho všeho, a mé srdce bušilo ven z hrudi, protože netuším, jak mohl někdo v tom masakru přežít.	Jakokdyžbysstamtakynebyla! Alebudiž,osvěžímtipaměť. Všichnipobíhajíabojujísdémony,kouzlalítajízměstskýchhradeb,lijeseivroucídehet,obrovskábalorřádíadrtívšeokolo...aIrabethbylauprostředtohovšeho,amésrdcebušilovenzhrudi,protoženetuším,jakmohlaněkdovtommasakrupřežít.	yes
231bb4a6-6169-4fe0-89c2-40158a5a1f3e	MythicLocust Ch5	(Anevia odfrkne.) Nevím, jestli je to rouhání, ale vypadáš, jako by si s tebou Desna právě pohrála! Máš v sobě trochu toho božského šarmu. A ten drak! Trochu mě mrzí, že jsem neviděla, jak jsi na něm v bitvě letěl, hnala démony do úprku, chytal, co mohl, a prchal pryč.	(Anevia odfrkne.) Nevím, jestli je to rouhání, ale vypadáš, jako by si s tebou Desna právě pohrála! Máš v sobě trochu toho božského šarmu. A ten drak! Trochu mě mrzí, že jsem neviděla, jak jsi na něm v bitvě letěla, hnala démony do úprku, chytala, co mohla, a prchala pryč.	yes
87ee596c-dc70-4739-9755-7e19cda65abc	MythicLocust Ch5	Co víc bych si mohl přát, když mám svou Beth? Hm... (Anevia se na chvíli zamyslí, usměje se, pak se podívá přes tvé rameno a provokativně mrkne.) Arueshalae, přestaň se schovávat. Ty jsi toho Velitele k tomu přiměla, že? Jsme trochu stydliví? Dobře, budu jednat, jako bych tě nikdy neviděla. Takže, Veliteli...	Co víc bych si mohla přát, když mám svou Beth? Hm... (Anevia se na chvíli zamyslí, usměje se, pak se podívá přes tvé rameno a provokativně mrkne.) Arueshalae, přestaň se schovávat. Ty jsi toho Velitele k tomu přiměla, že? Jsme trochu stydliví? Dobře, budu jednat, jako bych tě nikdy neviděla. Takže, Veliteli...	yes
f41d45d5-36e1-4890-b903-4b355ca40b6f	MythicLocust Ch5	Válka není místo na přemýšlení o touhách. O potřebách ano, ne o přáních. Ale až válka skončí, budeš přemýšlet o něčem jiném než o přežití. Naučit se něco jiného než bojovat... Víš, když jsem byla malá, pořád jsem visela v kuchyni, kdykoli kuchař vytahoval z pece čerstvý chléb. Velké páry bochníky, které tak krásně voněly... Možná je to hloupé, ale pořád si říkám: až válka skončí, postavím si v domě velkou kamennou pec a naučím se péct chleba přesně takhle.	Válka není místo na přemýšlení o touhách. O potřebách ano, ne o přáních. Ale až válka skončí, budeš přemýšlet o něčem jiném než o přežití. Naučit se něco jiného než bojovat... Víš, když jsem byla malá, pořád jsem visela v kuchyni, kdykoli kuchař vytahovala z pece čerstvá chléb. Velké páry bochníky, které tak krásně voněly... Možná je to hloupé, ale pořád si říkám: až válka skončí, postavím si v domě velkou kamennou pec a naučím se péct chleba přesně takhle.	yes
a8b97ee9-2eea-4117-a238-cdfdcec4b41c	MythicLocust Ch5	Bylo tam pár míst, která jsem chtěla prověřit, ale neměla jsem čas. Pokud tam skutečně je doupě kultistů, bylo by dobré, kdybys tam vtrhl a rozbil jim hlavy. Ani nepotřebuješ příkaz k prohlídce. (Anevia ti pootevře křivý úsměv.)	Bylotampármíst,kterájsemchtělaprověřit,alenemělajsemčas. Pokudtamskutečnějedoupěkultistů,bylobydobré,kdyžbysstamvtrhlaarozbilajimhlavy. Aninepotřebuješpříkazkprohlídce. (Aneviatipootevřekřiváúsměv.)	yes
0970ac0e-5734-4de4-8656-a1e99932877a	MythicLocust Ch5	První je The Silken Thread. Je to divný malý krejčovský krám, co nepřijímá objednávky a nikdy nekupuje žádné látky, ale vždycky jsou tam jaksi velmi zaneprázdnění. V něm se něco děje, ale šití to rozhodně není!	První je The Silken Thread. Je to divná malá krejčovská krám, co nepřijímá objednávky a nikdy nekupuje žádné látky, ale vždycky jsou tam jaksi velmi zaneprázdnění. V něm se něco děje, ale šití to rozhodně není!	yes
821a508d-61dc-4283-a18d-32c028fe946f	MythicLocust Ch5	Druhý je alchymistický krám Topaz Solutions. Obchodují se tam vším — nejen léčivými lektvary. Podle ingrediencí, které nakupují na černém trhu, je v tom místě něco podezřelého ohledně alchymických rituálů.	Druhá je alchymistická krám Topaz Solutions. Obchodují se tam vším — nejen léčivými lektvary. Podle ingrediencí, které nakupují na černém trhu, je v tom místě něco podezřelého ohledně alchymických rituálů.	yes
1aadb170-77e0-4b4a-9b57-d2c0e35b01e4	MythicLocust Ch5	(To je pro Arueshalae? Aha, vidím tě, můžeš vyjít!) (Anevia se usměje na polozakrytou sukubu, která plachě vystupuje ze svého úkrytu.) (No není to lepší? Každopádně, zpět k chlebu...) (Anevia povzdechne a zasněně hledí do dálky.)	(To je pro Arueshalae? Aha, vidím tě, můžeš vyjít!) (Anevia se usměje na polozakrytou sukubu, která plachě vystupuje ze svého úkrytu.) (No není to lepší? Každopádně, zpět k chlebu...) (Anevia povzdechne a zasněně hledí do dálky.)	no
ab3c167a-782e-4156-a3bf-fddefad2d35b	MythicLocust Ch5	Když jsem byla jen malá uřvaná holka, mamka mě schovala před našimi nepřáteli v chrámu Desny. {g|Nidal}Nidal{/g}, mé rodiště, je hrůzostrašné — kdyby se zítra zhroutilo do moře, udělala bych oslavu. Ale chrám byl malou oázou klidu a míru, skrytý v tom všem. Lidé v chrámu uměli smát se. Zpívali písně při své ruční práci. A ráno pekli vonavý chléb, jaký svět neviděl. Sotva jsem viděla přes stůl, ale stála jsem a sledovala, jak kuchař míchá těsto, tvaruje bochníky a dává je do pece. Je to nejsrdečnější vzpomínka mého života... No, z té mizerné části mého života, až do té chvíle, než jsem potkala Beth.	Když jsem byla jen malá uřvaná holka, mamka mě schovala před našimi nepřáteli v chrámu Desny. {g|Nidal}Nidal{/g},mérodiště,jehrůzostrašné—kdyžbysezítrazhroutilodomoře,udělalabychoslavu. Alechrámbylamalouoázoukliduamíru,skrytávtomvšem. Lidévchrámuumělismátse. Zpívalipísněpřisvéručnípráci. Aránopeklivonaváchléb,jakýsvětneviděla. Sotvajsemvidělapřesstůl,alestálajsemasledovala,jakkuchařmíchátěsto,tvarujebochníkyadávájedopece. Jetonejsrdečnějšívzpomínkaméhoživota... No,ztémizernéčástiméhoživota,aždotéchvíle,nežjsempotkalaBeth.	yes
96f8a12c-a696-4544-b2a9-523a1af44a96	MythicLocust Ch5	Pak jsem z toho utekla a dělala všelijaké špinavé práce. Plazila jsem se přes bažiny, přelezla střechy, brodila se kanály, špehovala, stopovala, zabíjela... A ta vzpomínka mě držela při životě, když jsem byla po uši v krvi nebo si táhla tělo slumem s šípem v boku. Pamatuju vůni toho chleba, křupnutí kůrky, jak mi pálil malé prsty. Pamatuju, jaká jsem tehdy byla šťastná.	Pak jsem z toho utekla a dělala všelijaké špinavé práce. Plazila jsem se přes bažiny, přelezla střechy, brodila se kanály, špehovala, stopovala, zabíjela... A ta vzpomínka mě držela při životě, když jsem byla po uši v krvi nebo si táhla tělo slumem s šípem v boku. Pamatuju vůni toho chleba, křupnutí kůrky, jak mi pálila malé prsty. Pamatuju, jaká jsem tehdy byla šťastná.	yes
f97c048b-2ff0-4ee8-91c0-f4ea7d0bbfaf	MythicLocust Ch5	Veliteli, přemýšlel jsi, co uděláš potom, až vyhrajeme? Tedy až rozdrtíme démony, uzavřeme Worldwound, pověsíme zbraně... Co pak? Vím, že moje válka skutečně skončí tím ránem, kdy vstanu, zadělám těsto a dám ho do pece. Budu sedět a dívat se, jak kyne.	Veliteli, přemýšlela jsi, co uděláš potom, až vyhrajeme? Tedy až rozdrtíme démony, uzavřeme Worldwound, pověsíme zbraně... Co pak? Vím, že moje válka skutečně skončí tím ránem, kdy vstanu, zadělám těsto a dám ho do pece. Budu sedět a dívat se, jak kyne.	yes
07ce3fee-67b9-48dd-8124-e8555c8497a9	Arueshalae	(Arueshalae naslouchá Anevia s naprostým zaujetím. Když Anevia dořekne, sukuba ztichne na dlouho a pak rychle setře slzy.) „Děkuji, Anevia. {g|Desna}Desna{/g} ať tě žehná! Myslím, že teď rozumím. Opravdu rozumím.“ (Arueshalae se obrátí k tobě. V očích se jí znovu zableskne jiskra naděje, cos tam postrádal od své poslední návštěvy světa snů.) „(jméno), já... Musíme se tam vrátit. Do snového světa. Teď už vím, jak rozluštit hádanku. Prosím, přijď se mnou mluvit o samotě hned, jak to bude možné.“ (Nečekajíc na tvou odpověď, Arueshalae odchází.)	(Arueshalae naslouchá Anevia s naprostým zaujetím. Když Anevia dořekne, sukuba ztichne na dlouho a pak rychle setře slzy.) „Děkuji, Anevia. {g|Desna}Desna{/g} ať tě žehná! Myslím, že teď rozumím. Opravdu rozumím.“ (Arueshalae se obrátí k tobě. V očích se jí znovu zableskne jiskra naděje, cos tam postrádala od své poslední návštěvy světa snů.) „(jméno), já... Musíme se tam vrátit. Do snového světa. Teď už vím, jak rozluštit hádanku. Prosím, přijď se mnou mluvit o samotě hned, jak to bude možné.“ (Nečekajíc na tvou odpověď, Arueshalae odchází.)	yes
1d2a9b9e-207d-4f70-b48e-28d092df9d9f	MythicLocust Ch5	(Anevia sleduje démona, jak odchází.) Desna učí, že všechno, co děláme ve bdělém světě, začíná v našich snech. Zajímá mě, co jí můj sen pomohl pochopit... A ať to bylo cokoli, kéž ji bohyně střeží.	(Anevia sleduje démona, jak odchází.) Desna učí, že všechno, co děláme ve bdělém světě, začíná v našich snech. Zajímá mě, co jí můj sen pomohla pochopit... A ať to bylo cokoli, kéž ji bohyně střeží.	yes
6dc4324c-0986-4df1-97f5-910e4e0d4cba	MythicLocust Ch5	Díky, že ses staral o Beth. Málem jsem si trhal(a) vlasy... Dlužím ti to. Asi jedno navíc, ha ha!	Díky, že ses starala o Beth. Málem jsem si trhala(a) vlasy... Dlužím ti to. Asi jedno navíc, ha ha!	yes
6e60c9eb-3c61-4458-86ea-b4f355350df3	MythicLocust Ch5	„Je tvrdá jako... jako paladin!“ (Anevia dupne nohou v předstírané zuřivosti, ale na tváři se jí rozsvítí úsměv.) Vrátila se — a už se nemůže dočkat, až zase vyrazí do boje. Ale teď ji nepustím z dohledu. Budu jejím stínem, dokud nezešediví!	„Je tvrdá jako... jako paladin!“ (Anevia dupne nohou v předstírané zuřivosti, ale na tváři se jí rozsvítí úsměv.) Vrátila se — a už se nemůže dočkat, až zase vyrazí do boje. Ale teď ji nepustím z dohledu. Budu jejím stínem, dokud nezešediví!	no
8e245d17-ea46-4e21-8695-a60c54ff1e2e	MythicLocust Ch5	(Anevia povzdechne.) Víš... tahle válka zanechala stopu na každém, ale na ní obzvlášť. Teď chci jen dožít, abych viděla naše vítězství, a pak ji někam odvézt, co nejdál dovedu. Někam, kde bude ticho a světlo, a kde už nikdy nebude muset zvednout meč.	(Aneviapovzdechne.) Víš...tahleválkazanechalastopunakaždém,alenaníobzvlášť. Teďchcijendožít,abybychvidělanaševítězství,apakjiněkamodvézt,conejdáldovedu. Někam,kdebudetichoasvětlo,akdeužnikdynebudemusetzvednoutmeč.	yes
d5e6e44f-6804-450a-9575-7f01a3904c92	MythicLocust Ch5	(Anevia se na tebe dívá s nádechem rozpaků.) Neber to špatně, nekývám ti v paty, ale byl jsi velitel, kterého křížová výprava potřebovala. Zbožný, dobrý a se spravedlností v srdci. Někdy se podíváš na ty nafoukané pravověrné a jejich dokonalost ti zvedá žaludek. Ale od tebe to necítím. Skočila bych do čelistí démona za tebe.	(Anevia se na tebe dívá s nádechem rozpaků.) Neber to špatně, nekývám ti v paty, ale byla jsi velitel, kterého křížová výprava potřebovala. Zbožná, dobrá a se spravedlností v srdci. Někdy se podíváš na ty nafoukané pravověrné a jejich dokonalost ti zvedá žaludek. Ale od tebe to necítím. Skočila bych do čelistí démona za tebe.	yes
91e2d602-fae3-451f-8ded-eff6a43cddde	MythicLocust Ch5	To jsou tvoje nové síly, že? No, nebudu lhát, vedla jsem různorodý život, už jsem ti o tom vyprávěla. Už na mě v Nidal čeká smyčka.	To jsou tvoje nové síly, že? No, nebudu lhát, vedla jsem různorodá život, už jsem ti o tom vyprávěla. Už na mě v Nidal čeká smyčka.	yes
fc3f1aca-f37a-4c25-8d9a-fec7f55f90de	MythicLocust Ch5	To jsou tvoje nové síly, že? No, nebudu lhát, vedla jsem různorodý život. Zeptej se mě, pokud chceš, řeknu ti to na rovinu — kdo jsem, odkud jsem přišla, všechno. Ale stručně: už na mě v Nidal čeká smyčka.	To jsou tvoje nové síly, že? No, nebudu lhát, vedla jsem různorodá život. Zeptej se mě, pokud chceš, řeknu ti to na rovinu — kdo jsem, odkud jsem přišla, všechno. Ale stručně: už na mě v Nidal čeká smyčka.	yes
5a99a8dc-e397-41b4-84bf-03afac6f70fa	MythicLocust Ch5	(Anevia se ušklíbne.) A bude čekat dál. Nidalští katové jsou až na konci fronty všech, kdo chtějí mou hlavu, za démony a kultisty. Neopustím křížovou výpravu, to víš. Ne proto, že bych se snažila odčinit své hříchy, ale protože je to teď moje mise. Moje a Irabethina.	(Anevia se ušklíbne.) A bude čekat dál. Nidalští katové jsou až na konci fronty všech, kdo chtějí mou hlavu, za démony a kultisty. Neopustím křížovou výpravu, to víš. Ne proto, že bych se snažila odčinit své hříchy, ale protože je to teď moje mise. Moje a Irabethina.	no
24edb00f-be6d-4b38-94b1-2f6df35cfa63	MythicLocust Ch5	"Pořád na tom trváš, co? Dobrá — povím ti to. (Anevia povzdechne.) ""Věc je taková: moje matka neměla dceru. Měla syna, kterého schovala před nepřáteli v chrámu Desny. Dali mi nové jméno a oblékli mě jako děvče, aby mě nikdo nenašel... A ukázalo se, že po letech v tom chrámu jsem si uvědomila jedno: ten oděv a to nové jméno mi padly jako ulité. Celou tu dobu jsem se v životě nepovažovala za muže."""	"Pořádnatomtrváš,co? Dobrá—povímtito. (Aneviapovzdechne.) ""Věcjetaková:mojematkaneměladceru. Mělasyna,kteréhoschovalapřednepřátelivchrámuDesny. Daliminovéjménoaobléklimějakoděvče,abybyměnikdonenašla... Aukázalose,žepoletechvtomchrámujsemsiuvědomilajedno:tenoděvatonovéjménomipadlyjakoulité. Celoutudobujsemsevživotěnepovažovalazamuže."""	yes
70dbd0fb-7d09-4aa5-8cd5-d75656199d16	MythicLocust Ch5	"""Ne, Veliteli. Věř mi, tohle nepotřebuješ vědět."" (Anevia zavrtí hlavou, dává najevo, že další dotazy jsou zbytečné.)"	"""Ne, Veliteli. Věř mi, tohle nepotřebuješ vědět."" (Anevia zavrtí hlavou, dává najevo, že další dotazy jsou zbytečné.)"	no
f3d809ea-6b33-4321-96cc-bad2b601a049	MythicLocust Ch5	"""Když jsem opustila chrám, žila jsem jako žena. Nebylo to zas tak těžké, když jsem putovala sama. Pak jsem potkala Irabeth. Nedovedeš si představit, jak jsem se bála jí říct pravdu... Ale pochopila mě a přijala. A dokonce zastavila rodinnou památku, aby mi pomohla. Léky, které pro mě získala — věc, kvůli které zastavila svůj meč — byl elixír, který změnil mé fyzické pohlaví. To je vše. Takový je ten příběh."""	"""Kdyžjsemopustilachrám,žilajsemjakožena. Nebylotozastaktěžké,kdyžjsemputovalasama. PakjsempotkalaIrabeth. Nedovedešsipředstavit,jakjsemsebálajíříctpravdu... Alepochopilaměapřijala. Adokoncezastavilarodinnoupamátku,abybymipomohla. Léky,kterépromězískala—věc,kvůlikterézastavilasvůjmeč—bylaelixír,kterýzměnilaméfyzicképohlaví. Tojevše. Takovýjetenpříběh."""	yes
